recent_s4_density_prev5,predicted_recovery_fit,predicted_recovery_low,predicted_recovery_high
0.0,0.43555034735914,0.3849160850760851,0.48756550708531315
0.01,0.42605093957961726,0.3759705549467499,0.4776956279993973
0.02,0.4166186219268935,0.36695563614656695,0.4680335921229745
0.03,0.4072724291769586,0.35789532810122926,0.45859643578703
0.04,0.3980307898304563,0.34881705462837065,0.4493961406665752
0.05,0.3889114343079033,0.3397509853060388,0.4404400301877155
0.06,0.3799313134283584,0.3307291786668568,0.4317313887095495
0.07,0.37110652830179974,0.32178463165926124,0.42327022394595865
0.08,0.36245227249558315,0.31295032213612534,0.4150540889804012
0.09,0.3539827870573506,0.30425831906556955,0.40707889050580526
0.1,0.3457113287002308,0.29573901410095205,0.3993396292910783
0.11,0.33765015119008,0.28742050432139976,0.3918310411887877
0.12,0.32981049972678067,0.27932813436392234,0.38454812731164184
0.13,0.3222026178889155,0.2714841896549166,0.3774865775159297
0.14,0.3148357665186002,0.2639077217904525,0.37064310127895045
0.15,0.3077182537644878,0.2566144816862321,0.36401568506908977
0.16,0.30085747537793855,0.24961693464397025,0.35760379664025405
0.17,0.2942599642705824,0.24292433260360574,0.3514085556647318
0.18,0.2879314482901431,0.23654282144609914,0.3454328878356773
0.19,0.2818769151534422,0.2304755644998063,0.3396816767583824
0.2,0.27610068348803257,0.22472286693819757,0.3341619250090951
0.21,0.27060272550665226,0.21927807069854766,0.3288799771437088
0.22,0.26536785552547554,0.2141160429700138,0.323832424098509
0.23,0.26037768147450374,0.20920790253980795,0.31901408593986014
0.24,0.25561445223572415,0.20452585352090208,0.3144203852455935
0.25,0.2510610492792016,0.20004347970006484,0.3100469012085187
0.26,0.2467009736601585,0.1957359772749372,0.305888983074705
0.27,0.24251832977786578,0.19158033674571082,0.30194141676522096
0.28,0.23849780707883378,0.18755547962844005,0.298198142511515
0.29,0.23462466069664928,0.18364235221915234,0.2946520238964118
0.3,0.2308846918563,0.17982397676298123,0.29129466988741864
0.31,0.2272642287292719,0.17608545990381563,0.2881163114046338
0.32,0.2237501083043827,0.1724139589469737,0.28510573290989516
0.33,0.22032965973561863,0.16879860790895448,0.28225025776117235
0.34,0.21699068953969916,0.16523040714694473,0.27953578403212404
0.35000000000000003,0.21372146894041127,0.16170208215024648,0.2769468655397861
0.36,0.21051072359184891,0.1582079184945854,0.27446683128109933
0.37,0.2073476258566538,0.15474358078147646,0.2720779355672308
0.38,0.20422178976647676,0.15130592351924324,0.26976153094390604
0.39,0.2011232687486275,0.14789280139028263,0.2674982564489538
0.4,0.1980425561638889,0.14450288532780411,0.2652682347422638
0.41000000000000003,0.1949705886645048,0.14113548948299542,0.263051272955089
0.42,0.19189875234732728,0.1377904126957002,0.26082706354538615
0.43,0.18881889164405666,0.13446779665652753,0.2585753828409842
0.44,0.18572332085757062,0.13116800168807816,0.25627628617595405
0.45,0.18260483821977222,0.12789150004896718,0.25391029950110533
0.46,0.17945674231155564,0.12463878590249512,0.2514586080451934
0.47000000000000003,0.17627285064886436,0.12141030058392953,0.24890324302060657
0.48,0.1730475202000044,0.11820637151674823,0.24622726752803056
0.49,0.16977566955809392,0.11502716302912165,0.24341496275014912
0.5,0.16645280244868518,0.11187263736636426,0.24045201526698962
0.51,0.16307678456651375,0.10874320681462493,0.23732907930232605
0.52,0.15965288707735797,0.10564161839973953,0.23405183230153592
0.53,0.15618811682108813,0.10257070847633441,0.23063042370061035
0.54,0.1526893867552891,0.09953279425130131,0.22707586692017656
0.55,0.14916349658820133,0.09652977289613066,0.22339986441418913
0.56,0.14561711397737992,0.09356320580425805,0.21961464622860574
0.5700000000000001,0.14205675641204485,0.09063439037948463,0.2157328200256156
0.58,0.13848877389496564,0.08774442129622916,0.21176723108155285
0.59,0.1349193325356377,0.0848942427897375,0.20773083124608474
0.6,0.13135439916053887,0.08208469321024825,0.2036365562571283
0.61,0.1277997270385297,0.07931654280400666,0.19949721114254096
0.62,0.12426084281012463,0.07659052546048589,0.19532536370885994
0.63,0.12074303469861271,0.07390736498441844,0.1911332463222421
0.64,0.11725134206904786,0.0712677963093306,0.18693266633016886
0.65,0.11379054638820466,0.06867258196302427,0.1827349255574739
0.66,0.11036516362495186,0.06612252402224164,0.17855074934011367
0.67,0.10697943811639295,0.06361847175116517,0.17439022553872746
0.68,0.10363733791082513,0.06116132510391981,0.17026275390622775
0.6900000000000001,0.10034255158433102,0.058752034281925186,0.16617700607519592
0.7000000000000001,0.097098486513885,0.056391595569143034,0.16214089628879375
0.71,0.09390826857647067,0.054081043717559854,0.15816156283139962
0.72,0.0907747432310654,0.05182144121635997,0.15424535993141114
0.73,0.08770047792864517,0.0496138648452137,0.15039785971854924
0.74,0.0846877657847649,0.04745938997860193,0.14662386363164745
0.75,0.08173863043987936,0.04535907316772246,0.1429274225001595
0.76,0.07885483202451748,0.043313933573425896,0.1393118643724037
0.77,0.07603787413974371,0.04132493385284124,0.1357798290433141
0.78,0.0732890117580895,0.03939296111033123,0.13233330814969707
0.79,0.07060925994630572,0.037518808508293686,0.12897368965479503
0.8,0.06799940330885877,0.03570315809503992,0.12570180553713203
0.81,0.06546000605001516,0.03394656534730225,0.12251798152938147
0.8200000000000001,0.06299142255256145,0.03224944584715468,0.11942208781762081
0.8300000000000001,0.060593808372602816,0.030612064421807705,0.11641358970431473
0.84,0.05826713155236186,0.029034526975132,0.11349159735306692
0.85,0.05601118415635153,0.027516775137394773,0.11065491386249421
0.86,0.053825593940595454,0.02605858375986905,0.10790208105330822
0.87,0.051709836069578546,0.024659561188352837,0.10523142249029473
0.88,0.0496632448012178,0.02331915216801871,0.10264108339355078
0.89,0.04768502506620346,0.02203664316404642,0.10012906721657693
0.9,0.04577426387445273,0.02081116982976777,0.09769326877915223
0.91,0.04392994148803469,0.01964172631703677,0.0953315039383403
0.92,0.042150942306639946,0.018527176101790804,0.09304153586039735
0.93,0.04043606541839035,0.01746626399009115,0.09082109801977657
0.9400000000000001,0.03878403477542165,0.016457628974579242,0.0886679140996066
0.9500000000000001,0.03719350896014336,0.015499817626196078,0.08657971500220889
0.96,0.035663090514313385,0.01459129772896616,0.08455425320005745
0.97,0.03419133480901252,0.013730471894447106,0.08258931466894041
0.98,0.032776758439205966,0.012915690925027647,0.08068272864776346
0.99,0.03141784713181688,0.012145266729784797,0.07883237546529592
1.0,0.030113063161061018,0.011417484631506237,0.07703619266479317
