candidate,space,model,k,cluster,primary_game_mode,sessions,pct_within_cluster
main_standardized_kmeans_k8,main_standardized,kmeans,8,0,(missing),7451,98.89832758162994
main_standardized_kmeans_k8,main_standardized,kmeans,8,0,Career,62,0.8229360233607645
main_standardized_kmeans_k8,main_standardized,kmeans,8,0,FreePlay,12,0.15927794000530926
main_standardized_kmeans_k8,main_standardized,kmeans,8,0,Special,8,0.10618529333687285
main_standardized_kmeans_k8,main_standardized,kmeans,8,0,Challenge,1,0.013273161667109106
main_standardized_kmeans_k8,main_standardized,kmeans,8,1,Career,6235,52.45225877008497
main_standardized_kmeans_k8,main_standardized,kmeans,8,1,Special,2995,25.195591822999912
main_standardized_kmeans_k8,main_standardized,kmeans,8,1,FreePlay,2533,21.308993017582235
main_standardized_kmeans_k8,main_standardized,kmeans,8,1,Challenge,102,0.8580802557415664
main_standardized_kmeans_k8,main_standardized,kmeans,8,1,(missing),22,0.18507613359131825
main_standardized_kmeans_k8,main_standardized,kmeans,8,2,Career,8313,98.19277108433735
main_standardized_kmeans_k8,main_standardized,kmeans,8,2,Special,151,1.7836050082683674
main_standardized_kmeans_k8,main_standardized,kmeans,8,2,FreePlay,2,0.023623907394283016
main_standardized_kmeans_k8,main_standardized,kmeans,8,3,Career,1758,67.30474732006125
main_standardized_kmeans_k8,main_standardized,kmeans,8,3,FreePlay,356,13.629402756508421
main_standardized_kmeans_k8,main_standardized,kmeans,8,3,Special,285,10.911179173047474
main_standardized_kmeans_k8,main_standardized,kmeans,8,3,Challenge,212,8.116385911179174
main_standardized_kmeans_k8,main_standardized,kmeans,8,3,(missing),1,0.03828483920367535
main_standardized_kmeans_k8,main_standardized,kmeans,8,4,Career,14550,97.7100261903163
main_standardized_kmeans_k8,main_standardized,kmeans,8,4,Special,216,1.4505405949902626
main_standardized_kmeans_k8,main_standardized,kmeans,8,4,FreePlay,105,0.7051239003424888
main_standardized_kmeans_k8,main_standardized,kmeans,8,4,Challenge,19,0.12759384863340273
main_standardized_kmeans_k8,main_standardized,kmeans,8,4,(missing),1,0.006715465717547512
main_standardized_kmeans_k8,main_standardized,kmeans,8,5,Career,25917,97.17295939409846
main_standardized_kmeans_k8,main_standardized,kmeans,8,5,FreePlay,471,1.7659630310074614
main_standardized_kmeans_k8,main_standardized,kmeans,8,5,Special,193,0.7236324097334182
main_standardized_kmeans_k8,main_standardized,kmeans,8,5,Challenge,90,0.33744516516066136
main_standardized_kmeans_k8,main_standardized,kmeans,8,6,Career,23053,99.17401591740159
main_standardized_kmeans_k8,main_standardized,kmeans,8,6,Special,101,0.4345020434502044
main_standardized_kmeans_k8,main_standardized,kmeans,8,6,(missing),43,0.18498601849860186
main_standardized_kmeans_k8,main_standardized,kmeans,8,6,FreePlay,42,0.18068401806840179
main_standardized_kmeans_k8,main_standardized,kmeans,8,6,Challenge,6,0.02581200258120026
main_standardized_kmeans_k8,main_standardized,kmeans,8,7,Career,5500,52.32115677321156
main_standardized_kmeans_k8,main_standardized,kmeans,8,7,FreePlay,3397,32.31544901065449
main_standardized_kmeans_k8,main_standardized,kmeans,8,7,Special,1371,13.042237442922374
main_standardized_kmeans_k8,main_standardized,kmeans,8,7,Challenge,235,2.2355403348554033
main_standardized_kmeans_k8,main_standardized,kmeans,8,7,(missing),9,0.08561643835616438
pc1_pc5_gmm_diag_k5,pc1_pc5,gmm_diag,5,0,Career,8486,98.1607865818392
pc1_pc5_gmm_diag_k5,pc1_pc5,gmm_diag,5,0,Special,145,1.67727009832273
pc1_pc5_gmm_diag_k5,pc1_pc5,gmm_diag,5,0,FreePlay,13,0.15037593984962408
pc1_pc5_gmm_diag_k5,pc1_pc5,gmm_diag,5,0,Challenge,1,0.01156737998843262
pc1_pc5_gmm_diag_k5,pc1_pc5,gmm_diag,5,1,Career,42804,91.63972681924254
pc1_pc5_gmm_diag_k5,pc1_pc5,gmm_diag,5,1,FreePlay,2567,5.49572887452097
pc1_pc5_gmm_diag_k5,pc1_pc5,gmm_diag,5,1,Special,1156,2.4748977713074565
pc1_pc5_gmm_diag_k5,pc1_pc5,gmm_diag,5,1,Challenge,180,0.3853647048748635
pc1_pc5_gmm_diag_k5,pc1_pc5,gmm_diag,5,1,(missing),2,0.00428183005416515
pc1_pc5_gmm_diag_k5,pc1_pc5,gmm_diag,5,2,Career,29188,81.56718086295551
pc1_pc5_gmm_diag_k5,pc1_pc5,gmm_diag,5,2,FreePlay,3391,9.4763022579924
pc1_pc5_gmm_diag_k5,pc1_pc5,gmm_diag,5,2,Special,3063,8.559691482226693
pc1_pc5_gmm_diag_k5,pc1_pc5,gmm_diag,5,2,Challenge,142,0.3968253968253968
pc1_pc5_gmm_diag_k5,pc1_pc5,gmm_diag,5,3,Career,4851,67.77032690695725
pc1_pc5_gmm_diag_k5,pc1_pc5,gmm_diag,5,3,Special,949,13.257893266275497
pc1_pc5_gmm_diag_k5,pc1_pc5,gmm_diag,5,3,FreePlay,941,13.146130203967587
pc1_pc5_gmm_diag_k5,pc1_pc5,gmm_diag,5,3,Challenge,341,4.763900530874546
pc1_pc5_gmm_diag_k5,pc1_pc5,gmm_diag,5,3,(missing),76,1.0617490919251187
pc1_pc5_gmm_diag_k5,pc1_pc5,gmm_diag,5,4,(missing),7449,99.02951342727998
pc1_pc5_gmm_diag_k5,pc1_pc5,gmm_diag,5,4,Career,59,0.7843658601435788
pc1_pc5_gmm_diag_k5,pc1_pc5,gmm_diag,5,4,Special,7,0.09306035628822122
pc1_pc5_gmm_diag_k5,pc1_pc5,gmm_diag,5,4,FreePlay,6,0.07976601967561818
pc1_pc5_gmm_diag_k5,pc1_pc5,gmm_diag,5,4,Challenge,1,0.013294336612603033
pc1_pc5_kmeans_k6,pc1_pc5,kmeans,6,0,Career,11913,94.4876269035533
pc1_pc5_kmeans_k6,pc1_pc5,kmeans,6,0,FreePlay,424,3.362944162436548
pc1_pc5_kmeans_k6,pc1_pc5,kmeans,6,0,Challenge,187,1.4831852791878173
pc1_pc5_kmeans_k6,pc1_pc5,kmeans,6,0,Special,84,0.666243654822335
pc1_pc5_kmeans_k6,pc1_pc5,kmeans,6,1,Career,11500,55.598530264939086
pc1_pc5_kmeans_k6,pc1_pc5,kmeans,6,1,FreePlay,4964,23.999226455231096
pc1_pc5_kmeans_k6,pc1_pc5,kmeans,6,1,Special,3919,18.947012183330113
pc1_pc5_kmeans_k6,pc1_pc5,kmeans,6,1,Challenge,260,1.257010249468188
pc1_pc5_kmeans_k6,pc1_pc5,kmeans,6,1,(missing),41,0.19822084703152196
pc1_pc5_kmeans_k6,pc1_pc5,kmeans,6,2,Career,33381,93.68001571576909
pc1_pc5_kmeans_k6,pc1_pc5,kmeans,6,2,FreePlay,1254,3.5192097213257374
pc1_pc5_kmeans_k6,pc1_pc5,kmeans,6,2,Special,861,2.4162994976566665
pc1_pc5_kmeans_k6,pc1_pc5,kmeans,6,2,Challenge,135,0.3788622905733449
pc1_pc5_kmeans_k6,pc1_pc5,kmeans,6,2,(missing),2,0.005612774675160665
pc1_pc5_kmeans_k6,pc1_pc5,kmeans,6,3,Career,19564,99.1485911210217
pc1_pc5_kmeans_k6,pc1_pc5,kmeans,6,3,Special,79,0.4003648895195621
pc1_pc5_kmeans_k6,pc1_pc5,kmeans,6,3,FreePlay,51,0.2584634096898439
pc1_pc5_kmeans_k6,pc1_pc5,kmeans,6,3,(missing),32,0.16217311980539226
pc1_pc5_kmeans_k6,pc1_pc5,kmeans,6,3,Challenge,6,0.03040745996351105
pc1_pc5_kmeans_k6,pc1_pc5,kmeans,6,4,Career,8953,93.45511482254697
pc1_pc5_kmeans_k6,pc1_pc5,kmeans,6,4,Special,365,3.8100208768267225
pc1_pc5_kmeans_k6,pc1_pc5,kmeans,6,4,FreePlay,194,2.025052192066806
pc1_pc5_kmeans_k6,pc1_pc5,kmeans,6,4,Challenge,67,0.6993736951983298
pc1_pc5_kmeans_k6,pc1_pc5,kmeans,6,4,(missing),1,0.010438413361169102
pc1_pc5_kmeans_k6,pc1_pc5,kmeans,6,5,(missing),7451,98.28518665083762
pc1_pc5_kmeans_k6,pc1_pc5,kmeans,6,5,Career,77,1.0156971375807942
pc1_pc5_kmeans_k6,pc1_pc5,kmeans,6,5,FreePlay,31,0.40891702941564434
pc1_pc5_kmeans_k6,pc1_pc5,kmeans,6,5,Special,12,0.15829046299960428
pc1_pc5_kmeans_k6,pc1_pc5,kmeans,6,5,Challenge,10,0.1319087191663369
pc1_pc5_kmeans_k7,pc1_pc5,kmeans,7,0,Career,12716,58.50740774822858
pc1_pc5_kmeans_k7,pc1_pc5,kmeans,7,0,FreePlay,5220,24.017668169688047
pc1_pc5_kmeans_k7,pc1_pc5,kmeans,7,0,Special,3545,16.31084936044907
pc1_pc5_kmeans_k7,pc1_pc5,kmeans,7,0,Challenge,248,1.1410692923529953
pc1_pc5_kmeans_k7,pc1_pc5,kmeans,7,0,(missing),5,0.02300542928131039
pc1_pc5_kmeans_k7,pc1_pc5,kmeans,7,1,Career,4695,68.13234653896386
pc1_pc5_kmeans_k7,pc1_pc5,kmeans,7,1,Special,916,13.292700624002322
pc1_pc5_kmeans_k7,pc1_pc5,kmeans,7,1,FreePlay,914,13.263677260194456
pc1_pc5_kmeans_k7,pc1_pc5,kmeans,7,1,Challenge,327,4.745319982585982
pc1_pc5_kmeans_k7,pc1_pc5,kmeans,7,1,(missing),39,0.5659555942533739
pc1_pc5_kmeans_k7,pc1_pc5,kmeans,7,2,Career,23764,95.79554158100537
pc1_pc5_kmeans_k7,pc1_pc5,kmeans,7,2,FreePlay,504,2.0316846051517716
pc1_pc5_kmeans_k7,pc1_pc5,kmeans,7,2,Special,483,1.9470310799371147
pc1_pc5_kmeans_k7,pc1_pc5,kmeans,7,2,(missing),28,0.1128713669528762
pc1_pc5_kmeans_k7,pc1_pc5,kmeans,7,2,Challenge,28,0.1128713669528762
pc1_pc5_kmeans_k7,pc1_pc5,kmeans,7,3,Career,31542,99.95880209158612
pc1_pc5_kmeans_k7,pc1_pc5,kmeans,7,3,FreePlay,7,0.022183489145935667
pc1_pc5_kmeans_k7,pc1_pc5,kmeans,7,3,Special,6,0.01901441926794486
pc1_pc5_kmeans_k7,pc1_pc5,kmeans,7,4,(missing),7451,98.25926414347883
pc1_pc5_kmeans_k7,pc1_pc5,kmeans,7,4,Career,77,1.0154292496373467
pc1_pc5_kmeans_k7,pc1_pc5,kmeans,7,4,FreePlay,31,0.4088091784254253
pc1_pc5_kmeans_k7,pc1_pc5,kmeans,7,4,Special,13,0.17143610708162996
pc1_pc5_kmeans_k7,pc1_pc5,kmeans,7,4,Challenge,11,0.1450613213767638
pc1_pc5_kmeans_k7,pc1_pc5,kmeans,7,5,Career,3666,92.1105527638191
pc1_pc5_kmeans_k7,pc1_pc5,kmeans,7,5,FreePlay,233,5.8542713567839195
pc1_pc5_kmeans_k7,pc1_pc5,kmeans,7,5,Challenge,51,1.2814070351758795
pc1_pc5_kmeans_k7,pc1_pc5,kmeans,7,5,Special,30,0.7537688442211055
pc1_pc5_kmeans_k7,pc1_pc5,kmeans,7,6,Career,8928,96.3314630988347
pc1_pc5_kmeans_k7,pc1_pc5,kmeans,7,6,Special,327,3.528269313767803
pc1_pc5_kmeans_k7,pc1_pc5,kmeans,7,6,FreePlay,9,0.09710832973672853
pc1_pc5_kmeans_k7,pc1_pc5,kmeans,7,6,(missing),4,0.04315925766076824
