candidate,space,model,k,cluster,size,pct,players,primary_mode_top,primary_mode_top_pct,zero_duration_pct,long_over_12h_pct,completion_ratio_gt_1_pct,exit_ratio_gt_1_pct,duration_minutes_mean,duration_minutes_median,days_since_previous_session_mean,days_since_previous_session_median,player_lifetime_days_mean,player_lifetime_days_median,jobs_started_mean,jobs_started_median,jobs_resumed_mean,jobs_resumed_median,jobs_completed_mean,jobs_completed_median,jobs_exited_mean,jobs_exited_median,tasks_completed_mean,tasks_completed_median,items_purchased_mean,items_purchased_median,job_completion_ratio_mean,job_completion_ratio_median,job_exit_ratio_mean,job_exit_ratio_median,progression_gain_mean,progression_gain_median,campaign_progression_gain_mean,campaign_progression_gain_median,mode_diversity_mean,mode_diversity_median,first_session_mean,no_started_or_resumed_job_mean,log_duration_minutes_mean,log_gap_days_mean,log_jobs_started_mean,log_jobs_resumed_mean,log_tasks_completed_mean,purchase_any_mean,job_completion_ratio_capped_mean,job_exit_ratio_capped_mean,PC1_mean,PC2_mean,PC3_mean,PC4_mean,PC5_mean
main_standardized_kmeans_k8,main_standardized,kmeans,8,0,7534,7.119771683456501,3991,(missing),98.89832758162994,0.053092646668436425,0.09291213166976374,0.0,0.0,3.9479913282010437,0.65,24.880496543241595,2.571875,77.52547415912062,54.969224537037036,0.0011945845500398195,0.0,0.0,0.0,0.001990974250066366,0.0,0.009689408016989648,0.0,0.0035837536501194586,0.0,0.2212636049907088,0.0,0.0,0.0,0.0,0.0,0.009201863599999997,0.0,0.00032092475609756096,0.0,0.9997345367666578,1.0,0.09596495885319883,0.9988054154499602,0.6954744815873104,1.5979097142067624,0.0008280229128005717,0.0,0.002137110457002307,0.00756570215025219,0.0,0.0,5.06021939487874,-3.0275038828039373,1.2628031501771428,0.11444031044317324,-0.8022768169611554
main_standardized_kmeans_k8,main_standardized,kmeans,8,1,11887,11.233438545427054,4153,Career,52.45225877008497,0.0,0.22713889122570877,0.0,0.025237654580634306,48.803205182131734,30.683333333333334,5.347481216437346,0.8451157407407407,45.931935251005605,25.661782407407408,1.1493227896020863,1.0,0.002523765458063431,0.0,0.0443341465466476,0.0,1.1413308656515522,1.0,0.21039791368722133,0.0,0.8372171279549088,0.0,0.018965686273870953,0.0,0.9915370514098207,1.0,0.05421888339558796,0.0,2.2194290292654127e-06,0.0,1.0275090434928913,1.0,0.05367207874148229,0.0,3.340395203826096,0.8951154224395179,0.7406061178481729,0.0017493409116512459,0.0919382378541866,0.08496677042146883,0.018965686273870953,0.9913940380338637,1.326736642928775,0.26423979165369066,-0.9183593220886859,-0.26915993266042326,1.1113684322984592
main_standardized_kmeans_k8,main_standardized,kmeans,8,2,8466,8.000529210531289,8466,Career,98.19277108433735,0.0,0.4842901015828018,0.10630758327427356,0.3307347035199622,90.7043133317584,59.85,,,0.0,0.0,2.9733049846444604,2.0,0.03673517599811009,0.0,2.3688873139617295,2.0,3.0063784549964563,2.0,3.4581856839121192,2.0,2.902905740609497,0.0,0.7559247440797339,0.75,1.000016390555948,1.0,0.894418325894401,1.0,0.036585971722182836,0.02631579,1.0,1.0,1.0,0.0,4.024163668348917,0.0,1.2851127080139155,0.02474152877369929,1.2196594069905853,0.45192534845263405,0.7552554000368957,0.9975091627652334,-1.7183986411339094,-1.9523529338332515,-2.161694141089215,0.2512056176769119,-0.1702394724383838
main_standardized_kmeans_k8,main_standardized,kmeans,8,3,2612,2.468389120943507,1914,Career,67.30474732006125,0.0,1.339969372128637,0.19142419601837674,0.7656967840735069,155.1619703930577,105.58333333333333,5.384922132201646,0.7152256944444444,24.691562943111563,3.5155960648148152,6.462480857580398,4.0,0.2549770290964778,0.0,5.319295558958652,3.0,6.6450995405819295,4.0,6.898928024502297,4.0,12.024119448698315,1.0,0.7310686411287466,0.75,0.9921489633921131,1.0,0.9084875749432804,1.0,0.06951359658559937,0.02631579,2.217457886676876,2.0,0.3108728943338438,0.0,4.629013274355771,0.5780816699094065,1.6761099376099908,0.14012748455863575,1.627465497649811,0.5298621745788668,0.7202636153734912,0.9896910626914865,-2.5803566562386275,-1.491632386410272,0.4268246347778744,-3.7211113979320625,0.26733684201104185
main_standardized_kmeans_k8,main_standardized,kmeans,8,4,14891,14.07227503827326,4787,Career,97.7100261903163,0.0,0.18803304009133034,0.10073198576321268,0.1611711772211403,74.63004723210886,57.48333333333333,4.874833570411412,0.7636574074074074,36.80013614440863,16.165949074074074,0.8301658720032234,1.0,1.052582096568397,1.0,1.2475992210059768,1.0,1.8439325767241959,2.0,1.4731717144583978,1.0,0.5864616211134243,0.0,0.7151513697951143,0.6666666666666666,0.9687451033062475,1.0,0.8242392441193631,1.0,0.00784472451749378,0.0,1.0580216237996105,1.0,6.715465717547512e-05,0.0,4.047436614966286,0.8495173474131744,0.5258539607100118,0.7084575064897645,0.8515796047704302,0.07037808071989793,0.7087045227062687,0.9674915497056389,-0.4919579528602622,0.7207978172160833,0.3845779092010117,0.1609449780739733,-0.26250880629666506
main_standardized_kmeans_k8,main_standardized,kmeans,8,5,26671,25.20459657147177,6301,Career,97.17295939409846,0.0,1.1398147800982341,0.16497319185632334,0.22496344344044092,163.5373233099621,122.33333333333331,4.10757682831905,0.7436574074074074,28.458848261376275,8.780578703703704,3.0049866896629296,2.0,0.8825315886168498,1.0,2.976978740954595,2.0,3.8751452888905553,3.0,4.187956956994489,3.0,6.981927936710284,2.0,0.732544325104173,0.75,0.9964283621577973,1.0,0.985418423191932,1.0,0.055036122998575195,0.05263153,1.082186644670241,1.0,0.0049491957556897,0.0,4.811303147111468,0.8031905064567115,1.2537763482666218,0.5607359901759154,1.4683472989850128,0.8098683963855874,0.7275691970417233,0.9955287153309262,-2.068193653942047,-0.11783992555588885,0.8336256941726247,0.34652106103753366,-0.3230250925189519
main_standardized_kmeans_k8,main_standardized,kmeans,8,6,23245,21.966962142546638,4801,Career,99.17401591740159,0.0,0.18498601849860186,0.0,0.004302000430200043,44.330934968093494,28.95,4.185329141444641,0.7260416666666667,39.90016864488978,19.75116898148148,0.0499462249946225,0.0,1.0282641428264143,1.0,0.0012475801247580124,0.0,1.0728328672832868,1.0,0.12166057216605722,0.0,0.7933749193374919,0.0,0.00041442604144260414,0.0,0.9949006954900695,1.0,0.23946779044273184,0.19055414,6.804630882606438e-06,0.0,1.0331254033125403,1.0,0.0026672402667240265,0.0,3.272613568684628,0.813970566926304,0.033344765417689166,0.7027408914422636,0.06086787917722706,0.100408690040869,0.00041442604144260414,0.9948576754857675,1.496842537367727,1.5940957092289827,-0.22784954321778458,-0.14825844100017022,-0.2706032029741088
main_standardized_kmeans_k8,main_standardized,kmeans,8,7,10512,9.934037687349978,2978,Career,52.32115677321156,0.0,0.4661339421613394,0.1617199391171994,0.24733637747336376,90.09884100710299,62.63333333333333,3.2670372220108237,0.7915277777777778,44.70554405525079,25.15530671296296,1.8804223744292237,2.0,0.0013318112633181126,0.0,1.5570776255707763,1.0,1.8726217656012176,2.0,1.7199391171993912,1.0,1.10074200913242,0.0,0.8644786850801405,1.0,0.9945165430396594,1.0,0.36685774950199285,0.0,0.007089642411529672,0.0,1.0318683409436835,1.0,0.0,0.0,4.136349642662546,0.7958798038811468,0.9883209349466188,0.0009231412222069285,0.9131406549490361,0.09170471841704718,0.8610476855874973,0.9930832604419934,-0.46749646826085656,-0.433056204518447,-0.38769053676158916,0.16530818173694173,1.1787550282395203
pc1_pc5_gmm_diag_k5,pc1_pc5,gmm_diag,5,0,8645,8.169687576782778,8484,Career,98.1607865818392,0.0,0.6246385193753615,0.16194331983805668,0.3585887796414112,96.74999614420666,61.48333333333333,0.25763883215323163,0.1636458333333333,0.36693486119144014,0.0,3.2011567379988435,2.0,0.031925968768074034,0.0,2.6002313475997685,2.0,3.2285714285714286,2.0,3.7982648930017353,2.0,3.3866975130133024,0.0,0.7663132271992242,0.75,0.9998811881441025,1.0,0.8979667443961018,1.0,0.041962192277617105,0.02631579,1.0001156737998844,1.0,0.9764025448235975,0.0,4.064209684099866,0.004926419242113783,1.319908376837147,0.022029563402798095,1.2647916799010188,0.46905725853094277,0.7626335181190574,0.9973630796861442,-1.7856592414168375,-1.9623170802039236,-2.095517093991622,0.26201462022794897,-0.15252253469747873
pc1_pc5_gmm_diag_k5,pc1_pc5,gmm_diag,5,1,46709,44.140883403579735,6947,Career,91.63972681924254,0.0,0.7193474490997452,0.14130039178744996,0.2140915027082575,124.17988860105474,86.83333333333333,4.119853995066342,0.7809837962962962,32.756956210556616,12.507152777777778,2.077436896529577,2.0,0.7488278490226723,1.0,2.1182855552463122,2.0,2.8139330749962532,2.0,2.858828063114175,2.0,3.981202766062215,0.0,0.7330043050937575,0.7142857142857143,0.9911229093873841,1.0,0.8566281337342228,1.0,0.03147899665853082,0.02631578,0.9999571816994584,1.0,0.0030615084887280824,6.422745081247725e-05,4.494633826012071,0.8298521633368725,0.9782762725787715,0.49178048345510117,1.1752666627113737,0.4807852876319339,0.7295418124591294,0.9898914671268084,-1.3056239793360627,0.0870695195285918,0.44774190848317436,0.49252474051662404,-0.03507435173882716
pc1_pc5_gmm_diag_k5,pc1_pc5,gmm_diag,5,2,35784,33.81655294940369,6154,Career,81.56718086295551,0.0,0.18443997317236754,0.00558909009613235,0.002794545048066175,43.76933126537,28.73333333333333,4.3746563494647,0.7417592592592592,42.56836116978362,21.918055555555554,0.3951207243460765,0.0,0.6395316342499441,1.0,0.08308182427900737,0.0,1.0260731052984575,1.0,0.17887882852671586,0.0,0.606332439078918,0.0,0.07847241629869765,0.0,0.9920090054710814,1.0,0.1466877362281992,0.06225256499999995,2.206838346285006e-06,0.0,1.0,1.0,0.019897160742231166,5.58909009613235e-05,3.2669526309026025,0.8165093881461829,0.26815738650552684,0.43990440585685353,0.10287788400102306,0.07184775318578135,0.07841213950368879,0.9919256157435232,1.4272034758442707,1.0763137813183947,-0.5185719083535859,-0.06900334774032353,0.2610084529786131
pc1_pc5_gmm_diag_k5,pc1_pc5,gmm_diag,5,3,7158,6.764444612447789,3293,Career,67.77032690695725,0.0,0.9918971779826767,0.11176306230790724,0.4191114836546521,139.9300409797895,92.15,5.874147270102358,0.7401851851851852,36.1652833853342,12.963119212962962,4.234283319362951,3.0,0.8378038558256496,1.0,3.416736518580609,2.0,4.994411846884605,3.0,4.410729253981559,3.0,7.539536183291422,0.0,0.5798156436527951,0.6,0.9771941633640316,1.0,0.7781355195259531,1.0,0.04474722621899661,0.0,2.071109248393406,2.0,0.1138586197261805,0.0,4.477739612112288,0.7661542438195341,1.3690739169740715,0.4950623297573503,1.2596768436601882,0.43112601285275215,0.5651039838866507,0.9756911002851094,-1.7785087979686665,-0.3957417170828437,0.8722356985344865,-3.3050964559792533,-0.04940477346686725
pc1_pc5_gmm_diag_k5,pc1_pc5,gmm_diag,5,4,7522,7.10843145778601,3988,(missing),99.02951342727998,0.05317734645041213,0.09306035628822122,0.0,0.0,3.8662744837365945,0.65,24.958262831748133,2.589976851851852,77.59251708722316,55.04605324074074,0.00026588673225206064,0.0,0.0,0.0,0.0017282637596383941,0.0,0.009306035628822122,0.0,0.003323584153150758,0.0,0.22095187450146236,0.0,0.0,0.0,0.0,0.0,0.00958527458333333,0.0,0.0,0.0,1.0,1.0,0.09611805370911991,0.999734113267748,0.6941175688480455,1.6008603649932827,0.0001842986388088129,0.0,0.0019562211940887383,0.007178941770805637,0.0,0.0,5.062607204082031,-3.0290869674443655,1.2649936868694298,0.11388483525360209,-0.8015743027229827
pc1_pc5_kmeans_k6,pc1_pc5,kmeans,6,0,12608,11.914797104462378,5070,Career,94.4876269035533,0.0,2.1256345177664975,0.26173857868020306,0.38864213197969544,228.2519749365482,181.20833333333331,5.754921280249699,0.8076157407407407,26.881171191094133,6.823894675925926,4.886659263959391,4.0,0.7802189086294417,1.0,4.837325507614213,4.0,5.644511421319797,5.0,6.578759517766497,5.0,10.561548223350254,3.0,0.8557947481752951,0.8421052631578947,0.9970579046994332,1.0,0.9894908424459616,1.0,0.0930403423611992,0.07894736,1.2132772842639594,1.0,0.016021573604060913,0.0,5.209308140993649,0.916928234851149,1.6143329928851065,0.4844796537128942,1.8648436379315736,0.9068845177664975,0.8457391458202039,0.9960924184618974,-2.794772348035618,-0.5961966925743187,1.0813143193619006,-0.02395929216429691,-0.06212987868078144
pc1_pc5_kmeans_k6,pc1_pc5,kmeans,6,1,20684,19.546768980702716,5239,Career,55.598530264939086,0.0,0.2610713595049313,0.024173274028234385,0.043511893250821894,56.58029555856378,36.69166666666666,10.169837785427227,1.1094675925925923,54.460061655278366,35.97856481481482,1.0513923805840264,1.0,0.16906787855347127,0.0,0.4027750918584413,0.0,1.2138367820537614,1.0,0.5448172500483466,0.0,0.6402049893637595,0.0,0.29234596274421215,0.0,0.9956252303960679,1.0,0.09897887899699369,0.0,0.00028417128250447896,0.0,1.0435602397988784,1.0,0.019773738155095727,0.0,3.528198239349408,1.2976842228332166,0.6611381668889642,0.1162817002839995,0.3104344669963834,0.06198027460839296,0.29210423000392977,0.9953093662820989,0.9689445565262488,0.3078777429782646,-0.4254743940941666,-0.1296111807117258,1.2268817827364533
pc1_pc5_kmeans_k6,pc1_pc5,kmeans,6,2,35633,33.67385510971668,6310,Career,93.68001571576909,0.0,0.35360480453512194,0.10383633149047232,0.19083433895546262,97.56432894601447,72.91666666666667,2.389839593590612,0.6871296296296296,31.757525665451606,12.793541666666666,1.5056268066118486,1.0,0.8526366009036567,1.0,1.5192939129458647,1.0,2.3383941851654364,2.0,2.0351640333398815,2.0,2.887295484522774,0.0,0.6622370073116741,0.6666666666666666,0.9872812455238185,1.0,0.8810905603117811,1.0,0.016924731783880095,0.0,1.0784385260853704,1.0,0.0012348104285353463,0.0,4.31068674087681,0.6904851979929965,0.8212918883126492,0.5599838717707228,1.0027349576119173,0.3903684786574243,0.6584572712991764,0.9860043392852197,-1.0297682676201914,0.3228336736214661,0.387906937941477,0.163649987568146,-0.2570945700683848
pc1_pc5_kmeans_k6,pc1_pc5,kmeans,6,3,19732,18.64711107751044,4302,Career,99.1485911210217,0.0,0.16217311980539226,0.0,0.0,40.639211264274614,26.816666666666663,1.0059389351828256,0.5410185185185186,35.629312965027665,17.22556712962963,0.03942833975268599,0.0,1.0189539833772552,1.0,0.011352118386377457,0.0,1.0464220555442936,1.0,0.08225217920129739,0.0,0.5048651935941618,0.0,0.010266740996013244,0.0,0.9884282721805526,1.0,0.22208537992797078,0.17522375,1.3356915541569332e-06,0.0,1.024427326170687,1.0,0.005625380093249544,0.0,3.192920890932493,0.5267266549388419,0.026778263922745224,0.6974389347201717,0.046037207365099975,0.06877153861747415,0.010266740996013244,0.9884282721805526,1.5340827791573497,1.583053000851822,-0.42035441196356904,-0.16431252062113788,-0.41618964889292887
pc1_pc5_kmeans_k6,pc1_pc5,kmeans,6,4,9580,9.05328016027519,9354,Career,93.45511482254697,0.0,0.49060542797494777,0.15657620041753653,0.3757828810020877,91.58012352122476,60.49166666666666,0.3845360805019896,0.13091435185185185,1.2206304934566612,0.0,3.269206680584551,2.0,0.032463465553235905,0.0,2.6272442588726515,2.0,3.2949895615866387,2.0,3.75615866388309,2.0,3.2960334029227556,0.0,0.7496741760801053,0.75,0.9998229557514917,1.0,0.8629148042297243,1.0,0.038476540389352804,0.02631579,1.0836116910229645,1.0,0.9747390396659708,0.0,4.0406502778265105,0.006639440573367341,1.3196733735353903,0.022501959619430374,1.2478686171474849,0.4364300626304802,0.7463147467133692,0.9973315301624669,-1.7391057661953746,-1.952689628391212,-2.0738467663641735,-0.04791810629975879,-0.12247002605184472
pc1_pc5_kmeans_k6,pc1_pc5,kmeans,6,5,7581,7.16418756733259,4005,(missing),98.28518665083762,0.052763487666534756,0.09233610341643582,0.0,0.0,3.9331574550411115,0.65,24.785428505976416,2.5461921296296297,77.46843297327139,54.83365740740741,0.007123070834982192,0.0,0.00026381743833267377,0.0,0.0019786307874950534,0.0,0.009629336499142594,0.0,0.003561535417491096,0.0,0.2295211713494262,0.0,0.0,0.0,0.0,0.0,0.007501519239130433,0.0,0.0002192985833333333,0.0,0.9997361825616673,1.0,0.09629336499142593,0.9926131117266851,0.6966541083448392,1.5941119078877035,0.0049373364661966825,0.00018286431356284006,0.0021238609923565992,0.007782614430813877,0.0,0.0,5.049292320112556,-3.0187129403455297,1.2540428423551222,0.11250316919680828,-0.7976416656027977
pc1_pc5_kmeans_k7,pc1_pc5,kmeans,7,0,21734,20.539038726870665,4914,Career,58.50740774822858,0.0,0.3266770957946075,0.09662280298150364,0.16103800496917273,74.31077344253244,51.71666666666667,5.854485963386433,0.9150405092592593,46.61786279029444,26.24205439814815,1.5237416030183124,1.0,0.04168583785773443,0.0,0.869697248550658,1.0,1.558847888101592,1.0,1.169872089813196,1.0,1.353317382902365,0.0,0.49000798952687047,0.5,0.9960026303581382,1.0,0.30069760709783416,0.0,0.0049119580595950235,0.0,1.000368086868501,1.0,0.0,0.0,3.923936303500902,1.0190673100195373,0.8634705356744149,0.028894420980367645,0.5929968345709674,0.1483390080058894,0.4881644877937948,0.9949643186499084,0.2085655643007644,-0.06732064872434904,-0.4103165170341437,0.14277342362956727,1.1557329653982031
pc1_pc5_kmeans_k7,pc1_pc5,kmeans,7,1,6891,6.512124591279367,3146,Career,68.13234653896386,0.0,0.9867943694674213,0.11609345523146133,0.42083877521404733,139.069738306003,92.15,3.531676085451287,0.7037789351851852,34.44904124643254,12.40011574074074,4.177187636047018,3.0,0.8595269191699318,1.0,3.3471194311420693,2.0,4.956755187926281,3.0,4.302713684516036,2.0,7.433463938470469,0.0,0.5735188991199248,0.5714285714285714,0.9762147149842949,1.0,0.7817220517894297,1.0,0.043154214439830994,0.0,2.0824263532143377,2.0,0.10927296473661298,0.0,4.487901824585889,0.6863204539591177,1.3661150919430551,0.5073282397302674,1.2467783139172672,0.427804382527935,0.5582372185792108,0.9747985307557466,-1.781928536206473,-0.36606723434113725,0.8510659945376949,-3.3550915957797343,-0.11574774891064134
pc1_pc5_kmeans_k7,pc1_pc5,kmeans,7,2,24807,23.443081517322195,4955,Career,95.79554158100537,0.0,0.17333817067763133,0.0,0.004031120248317007,40.33488329906881,25.58333333333333,3.8419149289657106,0.648449074074074,40.12915156023016,19.901550925925925,0.08904744628532268,0.0,0.9359454992542428,1.0,0.03241020679646874,0.0,1.0150360785262225,1.0,0.1435885032450518,0.0,0.5697988470996089,0.0,0.031019470310799373,0.0,0.9902312519315783,1.0,0.21220417441417241,0.16523872,2.1240407199644782e-06,0.0,1.001169024872012,1.0,0.002217116136574354,0.0,3.164489043278548,0.7640472670267373,0.061521092578287674,0.6440183337076028,0.07659295295672307,0.0721973636473576,0.031019470310799373,0.9901909407290952,1.5388832977239781,1.480284443276213,-0.3378721253537875,-0.05546894151973852,-0.17856140500825535
pc1_pc5_kmeans_k7,pc1_pc5,kmeans,7,3,31555,29.820068419361544,6179,Career,99.95880209158612,0.0,0.614799556330217,0.12042465536365077,0.15211535414355887,123.1962208841705,88.46666666666667,1.896655605216959,0.6470949074074074,28.420382530575655,10.130243055555557,1.82763428933608,1.0,1.041071145618761,1.0,2.0843923308508954,2.0,2.855585485659959,2.0,2.7812391063222943,2.0,4.188527967041673,1.0,0.7087010275782429,0.6666666666666666,0.9902514366047058,1.0,0.9458882876427825,1.0,0.033174324332276954,0.0263157899999999,1.0,1.0,0.0011408651560766915,0.0,4.512640979256566,0.652547791997273,0.9037258071682367,0.6816626327098663,1.1714930531546361,0.540706702582792,0.7041192567724188,0.9893862050739696,-1.4091039624150798,0.37140852132156443,0.5716287398123432,0.5131882846131482,-0.5270697380337175
pc1_pc5_kmeans_k7,pc1_pc5,kmeans,7,4,7583,7.166077604944339,4003,(missing),98.25926414347883,0.05274957140973229,0.09231174996703152,0.0,0.0,3.9365708382786053,0.65,24.83319748643505,2.5608622685185183,77.58884745697002,55.02905092592592,0.0068574442832651985,0.0,0.0007912435711459844,0.0,0.001978108927864961,0.0,0.009626796782276145,0.0,0.00356059607015693,0.0,0.22946063563233549,0.0,0.0,0.0,0.0,0.0,0.007420857741935482,0.0,0.00021748619834710743,0.0,0.9997362521429514,1.0,0.09534485032309112,0.9923513121455888,0.6968929710178108,1.5976383297762808,0.004753218170792187,0.0005484482504760215,0.0021233008285711963,0.007780561782935513,0.0,0.0,5.049622245095507,-3.016547501535259,1.2576812995304385,0.11297936699682792,-0.7955004087757015
pc1_pc5_kmeans_k7,pc1_pc5,kmeans,7,5,3980,3.761174847379463,2506,Career,92.1105527638191,0.0,2.7135678391959797,0.35175879396984927,0.47738693467336685,235.40603852596314,184.75,19.62970946456821,2.7172627314814815,42.11603554520287,14.80845486111111,5.219346733668342,4.0,0.2057788944723618,0.0,4.926381909547739,4.0,5.416834170854272,4.0,6.853015075376884,5.0,9.661557788944723,2.0,0.8953393289090329,1.0,0.9994470004189315,1.0,0.9686775940200503,1.0,0.09513356295979897,0.078947365,1.0273869346733668,1.0,0.0,0.0,5.198978001061808,1.7613886859385728,1.6762633441744708,0.13869202834934863,1.8945187312504133,0.8052763819095478,0.8945778893506193,0.9981713672023435,-2.5717595889349893,-1.0506447679181745,1.1135735767668076,0.6718195566071281,1.0573843760646995
pc1_pc5_kmeans_k7,pc1_pc5,kmeans,7,6,9268,8.758434292842427,9267,Career,96.3314630988347,0.0,0.4639620198532585,0.09710832973672853,0.32369443245576174,86.90699899295065,56.125,0.0015625,0.0015625,0.01694100768874183,0.0,2.8649115235217955,2.0,0.044454035390591284,0.0,2.233383685800604,2.0,2.9053733275787654,2.0,3.308696590418645,2.0,2.7437419076391887,0.0,0.7035750396645682,0.75,0.9993650143421285,1.0,0.8304247932199028,1.0,0.034774334051268195,0.02631579,1.006797583081571,1.0,0.9998921018558481,0.0,3.902577557705944,1.6845927567462236e-07,1.24843704914762,0.0302163370716008,1.1480346983753846,0.4244712990936556,0.7029636168477075,0.9969514356175874,-1.5127513147111418,-1.8773683537957486,-2.219685777744655,0.18004919437117525,-0.15493465596881087
