candidate,cluster,size,pct,players,primary_mode_top,primary_mode_top_pct,duration_minutes_median,days_since_previous_session_median,jobs_started_median,jobs_resumed_median,tasks_completed_median,items_purchased_median,job_completion_ratio_median,job_exit_ratio_median,progression_gain_median,mode_diversity_median,first_session_mean,no_started_or_resumed_job_mean,purchase_any_mean,long_over_12h_pct,completion_ratio_gt_1_pct,exit_ratio_gt_1_pct,PC1_mean,PC2_mean,PC3_mean,PC4_mean,PC5_mean
main_standardized_kmeans_k8,0,7534,7.119771683456501,3991,(missing),98.89832758162994,0.65,2.571875,0.0,0.0,0.0,0.0,0.0,0.0,0.0,1.0,0.09596495885319883,0.9988054154499602,0.00756570215025219,0.09291213166976374,0.0,0.0,5.06021939487874,-3.0275038828039373,1.2628031501771428,0.11444031044317324,-0.8022768169611554
main_standardized_kmeans_k8,1,11887,11.233438545427054,4153,Career,52.45225877008497,30.683333333333334,0.8451157407407407,1.0,0.0,0.0,0.0,0.0,1.0,0.0,1.0,0.05367207874148229,0.0,0.08496677042146883,0.22713889122570877,0.0,0.025237654580634306,1.326736642928775,0.26423979165369066,-0.9183593220886859,-0.26915993266042326,1.1113684322984592
main_standardized_kmeans_k8,2,8466,8.000529210531289,8466,Career,98.19277108433735,59.85,,2.0,0.0,2.0,0.0,0.75,1.0,1.0,1.0,1.0,0.0,0.45192534845263405,0.4842901015828018,0.10630758327427356,0.3307347035199622,-1.7183986411339094,-1.9523529338332515,-2.161694141089215,0.2512056176769119,-0.1702394724383838
main_standardized_kmeans_k8,3,2612,2.468389120943507,1914,Career,67.30474732006125,105.58333333333333,0.7152256944444444,4.0,0.0,4.0,1.0,0.75,1.0,1.0,2.0,0.3108728943338438,0.0,0.5298621745788668,1.339969372128637,0.19142419601837674,0.7656967840735069,-2.5803566562386275,-1.491632386410272,0.4268246347778744,-3.7211113979320625,0.26733684201104185
main_standardized_kmeans_k8,4,14891,14.07227503827326,4787,Career,97.7100261903163,57.48333333333333,0.7636574074074074,1.0,1.0,1.0,0.0,0.6666666666666666,1.0,1.0,1.0,6.715465717547512e-05,0.0,0.07037808071989793,0.18803304009133034,0.10073198576321268,0.1611711772211403,-0.4919579528602622,0.7207978172160833,0.3845779092010117,0.1609449780739733,-0.26250880629666506
main_standardized_kmeans_k8,5,26671,25.20459657147177,6301,Career,97.17295939409846,122.33333333333331,0.7436574074074074,2.0,1.0,3.0,2.0,0.75,1.0,1.0,1.0,0.0049491957556897,0.0,0.8098683963855874,1.1398147800982341,0.16497319185632334,0.22496344344044092,-2.068193653942047,-0.11783992555588885,0.8336256941726247,0.34652106103753366,-0.3230250925189519
main_standardized_kmeans_k8,6,23245,21.966962142546638,4801,Career,99.17401591740159,28.95,0.7260416666666667,0.0,1.0,0.0,0.0,0.0,1.0,0.19055414,1.0,0.0026672402667240265,0.0,0.100408690040869,0.18498601849860186,0.0,0.004302000430200043,1.496842537367727,1.5940957092289827,-0.22784954321778458,-0.14825844100017022,-0.2706032029741088
main_standardized_kmeans_k8,7,10512,9.934037687349978,2978,Career,52.32115677321156,62.63333333333333,0.7915277777777778,2.0,0.0,1.0,0.0,1.0,1.0,0.0,1.0,0.0,0.0,0.09170471841704718,0.4661339421613394,0.1617199391171994,0.24733637747336376,-0.46749646826085656,-0.433056204518447,-0.38769053676158916,0.16530818173694173,1.1787550282395203
pc1_pc5_gmm_diag_k5,0,8645,8.169687576782778,8484,Career,98.1607865818392,61.48333333333333,0.1636458333333333,2.0,0.0,2.0,0.0,0.75,1.0,1.0,1.0,0.9764025448235975,0.0,0.46905725853094277,0.6246385193753615,0.16194331983805668,0.3585887796414112,-1.7856592414168375,-1.9623170802039236,-2.095517093991622,0.26201462022794897,-0.15252253469747873
pc1_pc5_gmm_diag_k5,1,46709,44.140883403579735,6947,Career,91.63972681924254,86.83333333333333,0.7809837962962962,2.0,1.0,2.0,0.0,0.7142857142857143,1.0,1.0,1.0,0.0030615084887280824,6.422745081247725e-05,0.4807852876319339,0.7193474490997452,0.14130039178744996,0.2140915027082575,-1.3056239793360627,0.0870695195285918,0.44774190848317436,0.49252474051662404,-0.03507435173882716
pc1_pc5_gmm_diag_k5,2,35784,33.81655294940369,6154,Career,81.56718086295551,28.73333333333333,0.7417592592592592,0.0,1.0,0.0,0.0,0.0,1.0,0.06225256499999995,1.0,0.019897160742231166,5.58909009613235e-05,0.07184775318578135,0.18443997317236754,0.00558909009613235,0.002794545048066175,1.4272034758442707,1.0763137813183947,-0.5185719083535859,-0.06900334774032353,0.2610084529786131
pc1_pc5_gmm_diag_k5,3,7158,6.764444612447789,3293,Career,67.77032690695725,92.15,0.7401851851851852,3.0,1.0,3.0,0.0,0.6,1.0,1.0,2.0,0.1138586197261805,0.0,0.43112601285275215,0.9918971779826767,0.11176306230790724,0.4191114836546521,-1.7785087979686665,-0.3957417170828437,0.8722356985344865,-3.3050964559792533,-0.04940477346686725
pc1_pc5_gmm_diag_k5,4,7522,7.10843145778601,3988,(missing),99.02951342727998,0.65,2.589976851851852,0.0,0.0,0.0,0.0,0.0,0.0,0.0,1.0,0.09611805370911991,0.999734113267748,0.007178941770805637,0.09306035628822122,0.0,0.0,5.062607204082031,-3.0290869674443655,1.2649936868694298,0.11388483525360209,-0.8015743027229827
pc1_pc5_kmeans_k6,0,12608,11.914797104462378,5070,Career,94.4876269035533,181.20833333333331,0.8076157407407407,4.0,1.0,5.0,3.0,0.8421052631578947,1.0,1.0,1.0,0.016021573604060913,0.0,0.9068845177664975,2.1256345177664975,0.26173857868020306,0.38864213197969544,-2.794772348035618,-0.5961966925743187,1.0813143193619006,-0.02395929216429691,-0.06212987868078144
pc1_pc5_kmeans_k6,1,20684,19.546768980702716,5239,Career,55.598530264939086,36.69166666666666,1.1094675925925923,1.0,0.0,0.0,0.0,0.0,1.0,0.0,1.0,0.019773738155095727,0.0,0.06198027460839296,0.2610713595049313,0.024173274028234385,0.043511893250821894,0.9689445565262488,0.3078777429782646,-0.4254743940941666,-0.1296111807117258,1.2268817827364533
pc1_pc5_kmeans_k6,2,35633,33.67385510971668,6310,Career,93.68001571576909,72.91666666666667,0.6871296296296296,1.0,1.0,2.0,0.0,0.6666666666666666,1.0,1.0,1.0,0.0012348104285353463,0.0,0.3903684786574243,0.35360480453512194,0.10383633149047232,0.19083433895546262,-1.0297682676201914,0.3228336736214661,0.387906937941477,0.163649987568146,-0.2570945700683848
pc1_pc5_kmeans_k6,3,19732,18.64711107751044,4302,Career,99.1485911210217,26.816666666666663,0.5410185185185186,0.0,1.0,0.0,0.0,0.0,1.0,0.17522375,1.0,0.005625380093249544,0.0,0.06877153861747415,0.16217311980539226,0.0,0.0,1.5340827791573497,1.583053000851822,-0.42035441196356904,-0.16431252062113788,-0.41618964889292887
pc1_pc5_kmeans_k6,4,9580,9.05328016027519,9354,Career,93.45511482254697,60.49166666666666,0.13091435185185185,2.0,0.0,2.0,0.0,0.75,1.0,1.0,1.0,0.9747390396659708,0.0,0.4364300626304802,0.49060542797494777,0.15657620041753653,0.3757828810020877,-1.7391057661953746,-1.952689628391212,-2.0738467663641735,-0.04791810629975879,-0.12247002605184472
pc1_pc5_kmeans_k6,5,7581,7.16418756733259,4005,(missing),98.28518665083762,0.65,2.5461921296296297,0.0,0.0,0.0,0.0,0.0,0.0,0.0,1.0,0.09629336499142593,0.9926131117266851,0.007782614430813877,0.09233610341643582,0.0,0.0,5.049292320112556,-3.0187129403455297,1.2540428423551222,0.11250316919680828,-0.7976416656027977
pc1_pc5_kmeans_k7,0,21734,20.539038726870665,4914,Career,58.50740774822858,51.71666666666667,0.9150405092592593,1.0,0.0,1.0,0.0,0.5,1.0,0.0,1.0,0.0,0.0,0.1483390080058894,0.3266770957946075,0.09662280298150364,0.16103800496917273,0.2085655643007644,-0.06732064872434904,-0.4103165170341437,0.14277342362956727,1.1557329653982031
pc1_pc5_kmeans_k7,1,6891,6.512124591279367,3146,Career,68.13234653896386,92.15,0.7037789351851852,3.0,1.0,2.0,0.0,0.5714285714285714,1.0,1.0,2.0,0.10927296473661298,0.0,0.427804382527935,0.9867943694674213,0.11609345523146133,0.42083877521404733,-1.781928536206473,-0.36606723434113725,0.8510659945376949,-3.3550915957797343,-0.11574774891064134
pc1_pc5_kmeans_k7,2,24807,23.443081517322195,4955,Career,95.79554158100537,25.58333333333333,0.648449074074074,0.0,1.0,0.0,0.0,0.0,1.0,0.16523872,1.0,0.002217116136574354,0.0,0.0721973636473576,0.17333817067763133,0.0,0.004031120248317007,1.5388832977239781,1.480284443276213,-0.3378721253537875,-0.05546894151973852,-0.17856140500825535
pc1_pc5_kmeans_k7,3,31555,29.820068419361544,6179,Career,99.95880209158612,88.46666666666667,0.6470949074074074,1.0,1.0,2.0,1.0,0.6666666666666666,1.0,1.0,1.0,0.0011408651560766915,0.0,0.540706702582792,0.614799556330217,0.12042465536365077,0.15211535414355887,-1.4091039624150798,0.37140852132156443,0.5716287398123432,0.5131882846131482,-0.5270697380337175
pc1_pc5_kmeans_k7,4,7583,7.166077604944339,4003,(missing),98.25926414347883,0.65,2.5608622685185183,0.0,0.0,0.0,0.0,0.0,0.0,0.0,1.0,0.09534485032309112,0.9923513121455888,0.007780561782935513,0.09231174996703152,0.0,0.0,5.049622245095507,-3.016547501535259,1.2576812995304385,0.11297936699682792,-0.7955004087757015
pc1_pc5_kmeans_k7,5,3980,3.761174847379463,2506,Career,92.1105527638191,184.75,2.7172627314814815,4.0,0.0,5.0,2.0,1.0,1.0,1.0,1.0,0.0,0.0,0.8052763819095478,2.7135678391959797,0.35175879396984927,0.47738693467336685,-2.5717595889349893,-1.0506447679181745,1.1135735767668076,0.6718195566071281,1.0573843760646995
pc1_pc5_kmeans_k7,6,9268,8.758434292842427,9267,Career,96.3314630988347,56.125,0.0015625,2.0,0.0,2.0,0.0,0.75,1.0,1.0,1.0,0.9998921018558481,0.0,0.4244712990936556,0.4639620198532585,0.09710832973672853,0.32369443245576174,-1.5127513147111418,-1.8773683537957486,-2.219685777744655,0.18004919437117525,-0.15493465596881087
