feature_a,feature_b,spearman_corr,abs_corr
log1p_jobs_completed,log1p_tasks_completed,0.9204694656719752,0.9204694656719752
log1p_jobs_started,log1p_jobs_exited,0.8863110338432367,0.8863110338432367
log1p_jobs_completed,log1p_jobs_exited,0.8701379308432341,0.8701379308432341
log1p_jobs_started,log1p_jobs_completed,0.843036809499005,0.843036809499005
log1p_jobs_completed,job_completion_ratio,0.8391126279181639,0.8391126279181639
log1p_jobs_completed,campaign_progression_gain,0.8166182012192877,0.8166182012192877
log1p_jobs_exited,log1p_tasks_completed,0.8162289415935361,0.8162289415935361
log1p_jobs_exited,progression_gain,0.7844620317065175,0.7844620317065175
log1p_jobs_started,log1p_tasks_completed,0.780050814715287,0.780050814715287
log1p_jobs_exited,campaign_progression_gain,0.7589165321045902,0.7589165321045902
log1p_tasks_completed,job_completion_ratio,0.7517542717020657,0.7517542717020657
log1p_tasks_completed,campaign_progression_gain,0.7478487456746575,0.7478487456746575
log1p_jobs_completed,progression_gain,0.7177873724455676,0.7177873724455676
log1p_jobs_started,campaign_progression_gain,0.7034881569449705,0.7034881569449705
log1p_tasks_completed,progression_gain,0.6897278846198112,0.6897278846198112
log1p_duration_minutes,log1p_jobs_exited,0.6444589814807242,0.6444589814807242
progression_gain,campaign_progression_gain,0.6403864875124913,0.6403864875124913
log1p_duration_minutes,log1p_jobs_completed,0.6327603485282958,0.6327603485282958
log1p_duration_minutes,log1p_tasks_completed,0.6241247065890311,0.6241247065890311
job_completion_ratio,campaign_progression_gain,0.5924477930020247,0.5924477930020247
log1p_jobs_started,progression_gain,0.5878523190345153,0.5878523190345153
log1p_duration_minutes,log1p_jobs_started,0.577046871253687,0.577046871253687
log1p_duration_minutes,campaign_progression_gain,0.5596645394340234,0.5596645394340234
log1p_items_purchased,campaign_progression_gain,0.554367741029219,0.554367741029219
log1p_jobs_started,job_completion_ratio,0.5479588739966852,0.5479588739966852
log1p_jobs_exited,job_completion_ratio,0.5111685497601111,0.5111685497601111
log1p_duration_minutes,progression_gain,0.49560166204561396,0.49560166204561396
log1p_jobs_completed,log1p_items_purchased,0.48370471952991584,0.48370471952991584
log1p_jobs_exited,log1p_items_purchased,0.47498821217906534,0.47498821217906534
log1p_tasks_completed,log1p_items_purchased,0.47218592703621676,0.47218592703621676
job_completion_ratio,progression_gain,0.4560568458318922,0.4560568458318922
log1p_duration_minutes,job_completion_ratio,0.43649198955071383,0.43649198955071383
log1p_jobs_started,log1p_items_purchased,0.43441086051470124,0.43441086051470124
log1p_duration_minutes,log1p_items_purchased,0.42794306293852724,0.42794306293852724
log1p_items_purchased,progression_gain,0.4218813673258252,0.4218813673258252
log1p_items_purchased,job_completion_ratio,0.3250252984982792,0.3250252984982792
log1p_player_lifetime_days,log1p_tasks_completed,-0.2950051735916274,0.2950051735916274
log1p_days_since_previous_session,log1p_player_lifetime_days,0.29260871795300647,0.29260871795300647
log1p_jobs_exited,mode_diversity,0.2839178116706552,0.2839178116706552
log1p_player_lifetime_days,progression_gain,-0.2815858804236939,0.2815858804236939
log1p_player_lifetime_days,log1p_jobs_started,-0.27137166272051155,0.27137166272051155
log1p_player_lifetime_days,log1p_jobs_exited,-0.26299713940811986,0.26299713940811986
log1p_jobs_started,mode_diversity,0.2623785530708552,0.2623785530708552
log1p_player_lifetime_days,log1p_jobs_completed,-0.2622872669056317,0.2622872669056317
log1p_player_lifetime_days,campaign_progression_gain,-0.2461768642628665,0.2461768642628665
log1p_jobs_started,log1p_jobs_resumed,-0.23937029244672897,0.23937029244672897
log1p_jobs_resumed,progression_gain,0.22397241189133235,0.22397241189133235
log1p_jobs_completed,mode_diversity,0.18500168475066645,0.18500168475066645
log1p_player_lifetime_days,job_completion_ratio,-0.18169786120322942,0.18169786120322942
log1p_tasks_completed,mode_diversity,0.17984928539157935,0.17984928539157935
log1p_player_lifetime_days,log1p_items_purchased,-0.1783534357265364,0.1783534357265364
log1p_jobs_resumed,log1p_jobs_exited,0.17747791671762825,0.17747791671762825
log1p_jobs_resumed,job_completion_ratio,-0.1679918554691925,0.1679918554691925
log1p_duration_minutes,log1p_jobs_resumed,0.15396113201453937,0.15396113201453937
log1p_duration_minutes,mode_diversity,0.13904561637937563,0.13904561637937563
job_exit_ratio,mode_diversity,-0.1287563838584976,0.1287563838584976
log1p_duration_minutes,log1p_player_lifetime_days,-0.12170888000866557,0.12170888000866557
progression_gain,mode_diversity,0.09930355029792394,0.09930355029792394
log1p_jobs_resumed,log1p_items_purchased,0.0832010395392627,0.0832010395392627
campaign_progression_gain,mode_diversity,0.0821776404533037,0.0821776404533037
log1p_days_since_previous_session,log1p_jobs_resumed,-0.08098465607644219,0.08098465607644219
log1p_items_purchased,mode_diversity,0.07924008864619413,0.07924008864619413
log1p_jobs_exited,job_exit_ratio,0.07547681257558471,0.07547681257558471
log1p_player_lifetime_days,log1p_jobs_resumed,0.07196363022743929,0.07196363022743929
log1p_jobs_resumed,mode_diversity,0.06924393188625846,0.06924393188625846
log1p_jobs_resumed,log1p_tasks_completed,0.05274041688629314,0.05274041688629314
job_completion_ratio,job_exit_ratio,-0.051072653263870886,0.051072653263870886
job_completion_ratio,mode_diversity,0.04723229349506412,0.04723229349506412
log1p_jobs_resumed,campaign_progression_gain,0.046936569988433936,0.046936569988433936
log1p_days_since_previous_session,log1p_jobs_exited,-0.04375811733444638,0.04375811733444638
log1p_player_lifetime_days,job_exit_ratio,-0.04191730800477364,0.04191730800477364
log1p_jobs_completed,job_exit_ratio,-0.036678757641300595,0.036678757641300595
log1p_jobs_resumed,log1p_jobs_completed,0.03372355126783255,0.03372355126783255
log1p_jobs_resumed,job_exit_ratio,-0.030143982161603872,0.030143982161603872
log1p_duration_minutes,job_exit_ratio,-0.029320079173736673,0.029320079173736673
log1p_tasks_completed,job_exit_ratio,-0.02916706712432882,0.02916706712432882
log1p_days_since_previous_session,log1p_jobs_completed,-0.02446080226137198,0.02446080226137198
log1p_days_since_previous_session,job_exit_ratio,0.021011319771359095,0.021011319771359095
job_exit_ratio,progression_gain,0.02088296099312088,0.02088296099312088
log1p_days_since_previous_session,mode_diversity,-0.015552552218006804,0.015552552218006804
log1p_duration_minutes,log1p_days_since_previous_session,-0.013537439632164729,0.013537439632164729
log1p_days_since_previous_session,progression_gain,-0.012044641601461336,0.012044641601461336
log1p_items_purchased,job_exit_ratio,-0.011676050699411366,0.011676050699411366
log1p_player_lifetime_days,mode_diversity,-0.011150568747637448,0.011150568747637448
job_exit_ratio,campaign_progression_gain,0.010701831008451608,0.010701831008451608
log1p_days_since_previous_session,log1p_tasks_completed,-0.010378228788584394,0.010378228788584394
log1p_days_since_previous_session,log1p_jobs_started,-0.00949621504497959,0.00949621504497959
log1p_days_since_previous_session,log1p_items_purchased,-0.008888614989860454,0.008888614989860454
log1p_days_since_previous_session,job_completion_ratio,0.005911674302083262,0.005911674302083262
log1p_jobs_started,job_exit_ratio,-0.00404760020622719,0.00404760020622719
log1p_days_since_previous_session,campaign_progression_gain,0.0022536958024148455,0.0022536958024148455
